level,draw,seed,spread,signs,order,s_NetZero,s_Delayed,s_Below2C,s_NDCs,s_Fragmented
1e-16,0,500000,1.463892919504826,++---,NetZero>Delayed>NDCs>Below2C>Fragmented,0.6154220180008463,0.442146746943139,-0.7154316858121406,-0.6178838213498574,-0.8484709015039797
1e-16,1,500001,1.4595886180998117,++---,NetZero>Delayed>Below2C>NDCs>Fragmented,0.3386329377668156,0.1369426773392454,-0.9808096140666498,-1.0323095550723056,-1.120955680332996
1e-16,2,500002,1.1944408788339205,++---,NetZero>Delayed>NDCs>Below2C>Fragmented,0.160545621605006,0.0187221411254498,-0.9399155682070792,-0.849166057076296,-1.0338952572289144
1e-16,3,500003,2.2962498788734944,++---,NetZero>Delayed>NDCs>Below2C>Fragmented,1.8191102173147804,1.4875047672132549,-0.2467219132066942,-0.1941774773164044,-0.4771396615587142
1e-16,4,500004,1.3238314305672074,++---,NetZero>Delayed>NDCs>Below2C>Fragmented,0.6322055799509756,0.4690307875792503,-0.5954830840385092,-0.4978684337049954,-0.6916258506162318
1e-16,5,500005,1.4585267598841938,++---,NetZero>Delayed>Below2C>NDCs>Fragmented,0.4346906911658483,0.2397060192943358,-0.8607939690757265,-0.9424024213426848,-1.0238360687183454
1e-16,6,500006,1.9787215004324223,++++-,NetZero>Delayed>NDCs>Below2C>Fragmented,1.806591143042944,1.5181202016964448,0.0101495524762587,0.0722760338826327,-0.1721303573894785
1e-16,7,500007,1.4466683462976435,++---,NetZero>Delayed>NDCs>Below2C>Fragmented,0.9990726633099812,0.8139043272945168,-0.3326426206325479,-0.2271632156905143,-0.4475956829876626
1e-16,8,500008,1.1511934633796783,++---,NetZero>Delayed>Below2C>NDCs>Fragmented,1.006994828333979,0.8136541700328319,-0.0268901696345826,-0.106894743065069,-0.1441986350456994
1e-16,9,500009,1.7904600082966364,++---,NetZero>Delayed>NDCs>Below2C>Fragmented,0.9606333564454071,0.6865714755647241,-0.6863914067999439,-0.6432211364885765,-0.8298266518512292
1e-16,10,500010,1.411426500800723,++---,NetZero>Delayed>Below2C>NDCs>Fragmented,0.8716229002889351,0.6654713277951569,-0.4191950280719627,-0.4711771095564376,-0.5398036005117879
1e-16,11,500011,1.1660094796562177,++---,NetZero>Delayed>NDCs>Below2C>Fragmented,0.4258282321420616,0.3432106003828945,-0.664107476795111,-0.3382336151521188,-0.740181247514156
1e-16,12,500012,1.3894989679279586,++---,NetZero>Delayed>NDCs>Below2C>Fragmented,0.3912890619623621,0.2665359134012726,-0.8927784227359483,-0.5983263079519068,-0.9982099059655964
1e-16,13,500013,1.8901553818143,+++++,NetZero>Delayed>Below2C>NDCs>Fragmented,1.8952574800972848,1.576303823660036,0.2195730288054482,0.092660138613692,0.0051020982829843
1e-16,14,500014,1.460171992647557,++++-,NetZero>Delayed>NDCs>Below2C>Fragmented,1.4156266189788345,1.2240207532513452,0.0910801910524079,0.2010410343290964,-0.0445453736687224
1e-16,15,500015,1.2822564110620076,++++-,NetZero>Delayed>NDCs>Below2C>Fragmented,1.2769055224081531,1.083928989921712,0.101620913116522,0.2053003866480276,-0.0053508886538544
1e-16,16,500016,1.636516678940266,++---,NetZero>Delayed>Below2C>NDCs>Fragmented,0.8260469308421192,0.5925165809287458,-0.6410655810031414,-0.7325252802374482,-0.8104697480981469
1e-16,17,500017,1.4862193387042977,+++++,NetZero>Delayed>Below2C>NDCs>Fragmented,1.7871863363772755,1.532934239960398,0.445499183818463,0.3654881770116831,0.3009669976729778
1e-16,18,500018,1.8775880688076143,+++++,NetZero>Delayed>Below2C>NDCs>Fragmented,2.449503629425767,2.0920851212006912,0.7883763969986699,0.5904808000346797,0.5719155606181525
1e-16,19,500019,1.482860559583295,++---,NetZero>Delayed>NDCs>Below2C>Fragmented,0.8200142401130699,0.6796270469789216,-0.5480896429191926,-0.2569865602880772,-0.6628463194702254
1e-16,20,500020,1.6071782241278258,++---,NetZero>Delayed>Below2C>NDCs>Fragmented,1.4074924669111888,1.1494236808535,-0.020675133355116,-0.1146778367819876,-0.199685757216637
1e-16,21,500021,1.5955932601066374,++---,NetZero>Delayed>Below2C>NDCs>Fragmented,1.1700136859451729,0.9018863820738864,-0.2426929268050308,-0.3518707803024528,-0.4255795741614645
1e-16,22,500022,1.142625394121179,+++++,NetZero>Delayed>Below2C>NDCs>Fragmented,1.507137007719992,1.2873278751491926,0.4919366125648134,0.4204849184248873,0.3645116135988129
1e-16,23,500023,1.5641905786298191,+++++,NetZero>Delayed>NDCs>Below2C>Fragmented,2.039757552417103,1.7960214618026074,0.6183012030373893,0.7211521037755317,0.4755669737872838
1e-16,24,500024,1.8868078247636613,++---,NetZero>Delayed>NDCs>Below2C>Fragmented,0.7746864985844923,0.5493460145332763,-0.9266231582158642,-0.8343120056116167,-1.1121213261791691
1e-16,25,500025,1.4892246250154393,++---,NetZero>Delayed>NDCs>Below2C>Fragmented,0.8767182096239197,0.676095821519584,-0.5218702235740427,-0.4049154056442163,-0.6125064153915196
1e-16,26,500026,1.1895114231504218,++---,NetZero>Delayed>NDCs>Below2C>Fragmented,0.2066215476043198,0.0840382667020369,-0.897395226632526,-0.7772811082936886,-0.982889875546102
1e-16,27,500027,1.6073730537949371,++---,NetZero>Delayed>Below2C>NDCs>Fragmented,1.3066709412982276,1.0325542814012778,-0.1860711383447948,-0.2621211225372817,-0.3007021124967095
1e-16,28,500028,1.533205137795246,+++++,NetZero>Delayed>Below2C>NDCs>Fragmented,1.573064037941983,1.2941950868791574,0.1853954852937365,0.0846273517115667,0.0398589001467368
1e-16,29,500029,1.4178143589283985,-----,NetZero>Delayed>NDCs>Below2C>Fragmented,-0.2337403096134165,-0.3457946062270927,-1.5797242788863846,-1.314927664692946,-1.651554668541815
1e-16,30,500030,1.290261975240642,++-+-,NetZero>Delayed>NDCs>Below2C>Fragmented,1.1238060357073096,0.9929145662632952,-0.0954873504242961,0.2124320178964156,-0.1664559395333325
1e-16,31,500031,1.3367366669964356,++---,NetZero>Delayed>NDCs>Below2C>Fragmented,0.367063301863217,0.2023919529490454,-0.863951428542058,-0.7804310622298867,-0.9696733651332186
1e-16,32,500032,1.6060128912319696,++-+-,NetZero>Delayed>NDCs>Below2C>Fragmented,1.375402619180439,1.2041805726106505,-0.1128742749850708,0.2031026085469629,-0.2306102720515306
1e-16,33,500033,1.829707354379892,+++++,NetZero>Delayed>Below2C>Fragmented>NDCs,2.180525465174073,1.822486566305821,0.8247048137636237,0.3508181107941808,0.6228099806838294
1e-16,34,500034,1.5022387312369054,++---,NetZero>Delayed>Below2C>NDCs>Fragmented,1.063326956803475,0.8233555767950649,-0.2994878618346144,-0.3889408686482589,-0.4389117744334303
1e-16,35,500035,1.4606459081648753,++---,NetZero>Delayed>Below2C>NDCs>Fragmented,1.070162029998106,0.8484656837880125,-0.2384157277880905,-0.3207267665676956,-0.3904838781667692
1e-16,36,500036,1.0912915324569088,-----,NetZero>Delayed>Below2C>NDCs>Fragmented,-0.1770872658325606,-0.3020664238393475,-1.1442846032538694,-1.2089151346481213,-1.2683787982894694
1e-16,37,500037,1.796237635521677,++---,NetZero>Delayed>Below2C>NDCs>Fragmented,0.752704625380612,0.499134629064573,-0.8937600077935475,-1.0049457914652855,-1.043533010141065
1e-16,38,500038,1.1792859413377057,-----,NetZero>Delayed>NDCs>Below2C>Fragmented,-0.0798541689713783,-0.1857483083279358,-1.157268341917959,-1.044000369009479,-1.259140110309084
1e-16,39,500039,1.4590291209615844,++++-,NetZero>Delayed>Below2C>NDCs>Fragmented,1.4047686114497968,1.1658758956311797,0.1024356196992726,0.0099939875537851,-0.0542605095117876
1e-16,40,500040,1.023689150897514,++---,NetZero>Delayed>NDCs>Below2C>Fragmented,0.1800473769266415,0.1659833483501231,-0.8127176704508146,-0.265836589886538,-0.8436417739708726
1e-16,41,500041,1.3327567774906304,++---,NetZero>Delayed>Below2C>NDCs>Fragmented,0.3214543375449259,0.1185728054360844,-0.8919701600570002,-0.9896245539319546,-1.0113024399457045
1e-16,42,500042,1.1647907857382327,-----,NetZero>Delayed>Below2C>NDCs>Fragmented,-0.1597009945407719,-0.2984711561353372,-1.1890276172224308,-1.2668981845720264,-1.3244917802790046
1e-16,43,500043,1.5034629313079328,++---,NetZero>Delayed>NDCs>Below2C>Fragmented,0.6451328475021558,0.4639651089701813,-0.7115767803968533,-0.630637234301823,-0.858330083805777
1e-16,44,500044,1.636768893467965,+++++,NetZero>Delayed>NDCs>Below2C>Fragmented,2.141677786569242,1.8755616392021124,0.6556681899052981,0.74946802817372,0.5049088931012768
1e-16,45,500045,1.8338560214813369,++---,NetZero>Delayed>Below2C>NDCs>Fragmented,0.2981434645613283,0.0523608647488178,-1.3256033413056687,-1.4517826358987445,-1.5357125569200083
1e-16,46,500046,1.8174115719977784,++---,NetZero>Delayed>Below2C>NDCs>Fragmented,1.4158954474018433,1.140921014026679,-0.1985025218207141,-0.2998544415689372,-0.4015161245959353
1e-16,47,500047,1.7980631237201503,+++--,NetZero>Delayed>Below2C>Fragmented>NDCs,1.6280734519548434,1.2943984414218173,0.1227654724729463,-0.1699896717653071,-0.06893467235346
1e-16,48,500048,1.627327578427767,++---,NetZero>Delayed>NDCs>Below2C>Fragmented,0.6299427132249507,0.4282120460104943,-0.8366824896304652,-0.7636282111408272,-0.9973848652028164
1e-16,49,500049,1.5360260674512567,++---,NetZero>Delayed>Below2C>NDCs>Fragmented,1.145407488017967,0.9140569451156106,-0.2188599161120765,-0.3084244915954,-0.3906185794332897
1e-16,50,500050,1.2891933150060892,++---,NetZero>Delayed>NDCs>Below2C>Fragmented,0.8088700062512992,0.6564598573731755,-0.3833938395448002,-0.2618452354772205,-0.48032330875479
1e-16,51,500051,1.7121732485635903,++---,NetZero>Delayed>NDCs>Below2C>Fragmented,0.2568615460243308,0.0612818459799107,-1.3049259430308449,-1.2144354178417398,-1.4553117025392597
1e-16,52,500052,1.4566846331256675,++---,NetZero>Delayed>Below2C>NDCs>Fragmented,0.979521853102161,0.7347794915330299,-0.3135954649266157,-0.4124816307131453,-0.4771627800235065
1e-16,53,500053,2.281212090568693,+++++,NetZero>Delayed>Below2C>NDCs>Fragmented,2.80434989869831,2.3980718255553097,0.7775593331954447,0.6429113561719211,0.5231378081296172
1e-16,54,500054,1.7419824802431956,+++++,NetZero>Delayed>Below2C>NDCs>Fragmented,1.8709973819700416,1.5670195890211471,0.2883618870916296,0.1886931866216357,0.1290149017268462
1e-16,55,500055,1.346668956229519,++---,NetZero>Delayed>NDCs>Below2C>Fragmented,0.2028533862750308,0.0684874570238216,-1.0565868117413069,-0.9085901503742484,-1.1438155699544883
1e-16,56,500056,1.2430452657665123,++---,NetZero>Delayed>NDCs>Below2C>Fragmented,0.6026669680841485,0.4549934333646555,-0.5277191528558811,-0.4114565331531752,-0.6403782976823638
1e-16,57,500057,1.5711317935357991,++---,NetZero>Delayed>Below2C>NDCs>Fragmented,0.9864947184660062,0.7436348633765806,-0.4190281609038084,-0.53041366119623,-0.5846370750697929
1e-16,58,500058,2.006204138716559,+++--,NetZero>Delayed>Below2C>NDCs>Fragmented,1.844221875889286,1.522567959171579,0.0224614453225489,-0.0911789551287167,-0.1619822628272729
1e-16,59,500059,1.3379014775918243,++-+-,NetZero>Delayed>NDCs>Below2C>Fragmented,1.063446652083941,0.9270275697641176,-0.1865692616839913,0.1381412469203295,-0.2744548255078833
1e-16,60,500060,1.2829964826714773,++---,NetZero>Delayed>Below2C>NDCs>Fragmented,0.7620011186441267,0.5585334920455045,-0.3873354641899427,-0.4812670329633532,-0.5209953640273506
1e-16,61,500061,2.277398571460414,++-+-,NetZero>Delayed>NDCs>Below2C>Fragmented,1.9963622559026344,1.6799393793828583,-0.0690642023332532,0.0034941372653474,-0.2810363155577793
1e-16,62,500062,1.3097493229002546,++---,NetZero>Delayed>NDCs>Below2C>Fragmented,0.4275039304288914,0.2742555718417456,-0.7694626298466547,-0.6681339202329415,-0.8822453924713631
1e-16,63,500063,1.8094319013857607,+++--,NetZero>Delayed>Below2C>NDCs>Fragmented,1.633999553848609,1.3374692112971431,0.0245338435884794,-0.0963532891743996,-0.1754323475371522
1e-16,64,500064,1.623949212611826,++---,NetZero>Delayed>NDCs>Below2C>Fragmented,1.2360350080090994,1.0214414517654244,-0.2538897768395909,-0.1503444052818898,-0.3879142046027266
1e-16,65,500065,1.6116569339655336,+++++,NetZero>Delayed>NDCs>Below2C>Fragmented,1.9336173744227307,1.6910340995583708,0.4693734732333658,0.5748748219115734,0.3219604404571972
1e-16,66,500066,1.89686789833328,++---,NetZero>Delayed>Below2C>NDCs>Fragmented,1.487837382357577,1.1993132909394146,-0.1971763877027594,-0.3014614163725926,-0.409030515975703
1e-16,67,500067,1.6267171006488488,++---,NetZero>Delayed>NDCs>Below2C>Fragmented,0.8927000546222452,0.6849232046062106,-0.6089530989671541,-0.5194287831319682,-0.7340170460266036
1e-16,68,500068,2.0768395813053377,++---,NetZero>Delayed>Below2C>NDCs>Fragmented,1.2693222686348384,0.9584967519950752,-0.6209698862222028,-0.7453515597377125,-0.8075173126704991
1e-16,69,500069,1.5286025934451442,++---,NetZero>Delayed>NDCs>Below2C>Fragmented,1.042707567169541,0.8832722468438869,-0.3859187102890788,-0.0778626415507943,-0.4858950262756032
1e-16,70,500070,1.3250192943025114,++-+-,NetZero>Delayed>NDCs>Below2C>Fragmented,1.1487904507100328,1.004238560446157,-0.0988920151309851,0.2060426776076962,-0.1762288435924786
1e-16,71,500071,1.3253681175611205,++---,NetZero>Delayed>NDCs>Below2C>Fragmented,0.8628709088030546,0.7024442303022944,-0.3622925461303694,-0.2379237187858782,-0.4624972087580659
1e-16,72,500072,1.7323438127766766,+++++,NetZero>Delayed>Below2C>NDCs>Fragmented,1.8022834161110648,1.509790714860654,0.2684392316037449,0.1435605749977631,0.0699396033343879
1e-16,73,500073,1.6299361511263564,++---,NetZero>Delayed>Below2C>NDCs>Fragmented,1.439564702351998,1.182560069821303,-0.028963636319403,-0.1197005894127865,-0.1903714487743584
1e-16,74,500074,2.0281094352186697,+++++,NetZero>Delayed>NDCs>Below2C>Fragmented,2.165563125107111,1.8548625869627604,0.3318928148288869,0.3789359475104445,0.1374536898884413
1e-16,75,500075,1.0105354212769857,++---,NetZero>Delayed>NDCs>Below2C>Fragmented,0.4564895539308344,0.3431195742263968,-0.4645900360378934,-0.3425481380853457,-0.5540458673461512
1e-16,76,500076,1.4539937908504723,++---,NetZero>Delayed>Below2C>NDCs>Fragmented,0.7847884254079207,0.5700155460118537,-0.511273799512924,-0.5975049565662442,-0.6692053654425516
1e-16,77,500077,1.6484698466974357,-----,NetZero>Delayed>Below2C>NDCs>Fragmented,-0.0508493151616897,-0.2525618372069786,-1.5448160548714864,-1.6414228602550736,-1.6993191618591257
1e-16,78,500078,1.4376538317202965,++---,NetZero>Delayed>NDCs>Below2C>Fragmented,0.2902925900846536,0.1267390496332372,-1.0427523592293777,-0.9451004941884142,-1.147361241635643
1e-16,79,500079,1.7507059714606534,++---,NetZero>Delayed>NDCs>Below2C>Fragmented,1.3622783770839166,1.1094630259416731,-0.2161553111871983,-0.1405586885099139,-0.3884275943767368
1e-16,80,500080,1.7965028245366286,++---,NetZero>Delayed>NDCs>Below2C>Fragmented,0.9460373519742163,0.707899478387775,-0.7359372926963612,-0.6380545867029674,-0.8504654725624121
1e-16,81,500081,1.0392525854827537,-----,NetZero>Delayed>NDCs>Below2C>Fragmented,-0.0805545214885499,-0.2005595573152438,-1.0485091532963096,-0.9547102490347904,-1.1198071069713036
1e-16,82,500082,1.6414661747490478,+++++,NetZero>Delayed>NDCs>Below2C>Fragmented,1.7435793906984325,1.506360108429306,0.2404349526638025,0.3313509546070161,0.1021132159493847
1e-16,83,500083,1.4264059484268548,++---,NetZero>Delayed>Below2C>NDCs>Fragmented,0.9450341685534732,0.7343940726907947,-0.3220175240331673,-0.40173416268569,-0.4813717798733816
1e-16,84,500084,2.2978387483981546,++---,NetZero>Delayed>Below2C>NDCs>Fragmented,1.8643352344304096,1.5060536603183632,-0.195982242278744,-0.3230592560014185,-0.4335035139677452
1e-16,85,500085,1.7867527527020086,++---,NetZero>Delayed>Below2C>NDCs>Fragmented,1.3999725250972737,1.1139867706330544,-0.2151992525137589,-0.319263384942309,-0.3867802276047349
1e-16,86,500086,1.3694269791210067,++---,NetZero>Delayed>NDCs>Below2C>Fragmented,0.241013032167547,0.0907092647807479,-0.9990982269570248,-0.894649303109853,-1.1284139469534598
1e-16,87,500087,1.6439530183960391,++---,NetZero>Delayed>Below2C>NDCs>Fragmented,0.905448110999771,0.6522228827191456,-0.5593984644762013,-0.6633574011958481,-0.7385049073962682
1e-16,88,500088,1.7838462435245797,++---,NetZero>Delayed>Below2C>NDCs>Fragmented,0.7115092234691485,0.4565327871942428,-0.9255209039387432,-1.0263891817614152,-1.0723370200554312
1e-16,89,500089,2.334012494200931,++++-,NetZero>Delayed>Below2C>NDCs>Fragmented,2.2627429368294347,1.888783627527095,0.1652603394428711,0.0570580946126955,-0.0712695573714961
1e-16,90,500090,1.5290102940659551,++---,NetZero>Delayed>Below2C>Fragmented>NDCs,1.0117979982881289,0.7419126478844267,-0.2195526375955183,-0.5172122957778265,-0.4085580331325555
1e-16,91,500091,1.255351959537145,++---,NetZero>Delayed>Below2C>NDCs>Fragmented,0.3390373389577528,0.173611449583436,-0.7759836706477388,-0.8461522666819716,-0.9163146205793922
1e-16,92,500092,0.892075008727037,+++++,NetZero>Delayed>NDCs>Below2C>Fragmented,1.077662432621385,0.9375751342087284,0.2649064730327755,0.3817498711856806,0.185587423894348
1e-16,93,500093,1.2958828172680668,+++++,NetZero>Delayed>Below2C>NDCs>Fragmented,1.5994378426660814,1.3699084883616188,0.449031304002351,0.3696560341866917,0.3035550253980146
1e-16,94,500094,1.695048262982054,++---,NetZero>Delayed>Below2C>NDCs>Fragmented,0.654954716185794,0.4135853408149792,-0.8695868972602696,-0.977119512230428,-1.04009354679626
1e-16,95,500095,1.497037647634432,++---,NetZero>Delayed>Below2C>NDCs>Fragmented,0.7539542937694321,0.5383229175059068,-0.5773553885584892,-0.661287936060531,-0.7430833538649999
1e-16,96,500096,1.5209885694730367,++-+-,NetZero>Delayed>NDCs>Below2C>Fragmented,1.1238956121030546,0.9725990682610824,-0.2938831255528824,0.0221215194338348,-0.3970929573699822
1e-16,97,500097,1.629077497581939,++---,NetZero>Delayed>Below2C>NDCs>Fragmented,1.4454076846406605,1.1878931763511231,-0.0148648879407864,-0.1082383217755182,-0.1836698129412788
1e-16,98,500098,1.4102395524394344,++++-,NetZero>Delayed>NDCs>Below2C>Fragmented,1.365260642576621,1.183346820737246,0.0675626147087946,0.229812622198489,-0.0449789098628135
1e-16,99,500099,1.2286073071192385,+++--,NetZero>Delayed>Below2C>NDCs>Fragmented,1.1046274360189137,0.8952230446258715,0.0131586536019625,-0.060703633181304,-0.1239798711003246
1e-16,100,500100,1.56468622808685,++---,NetZero>Delayed>Below2C>NDCs>Fragmented,1.3525515423029133,1.0985185395413422,-0.0317194566517278,-0.1455755972571197,-0.2121346857839365
1e-16,101,500101,1.612205488443263,++---,NetZero>Delayed>NDCs>Below2C>Fragmented,0.8304722193435734,0.610502376680905,-0.6551413431369144,-0.5697280233078472,-0.7817332690996897
1e-16,102,500102,1.3717119348103828,++---,NetZero>Delayed>NDCs>Below2C>Fragmented,0.17557191876744,0.0711803239163089,-1.1143875610998877,-0.8169109709775615,-1.1961400160429427
1e-16,103,500103,1.0885834385922104,++-+-,NetZero>Delayed>NDCs>Below2C>Fragmented,0.9540261687002718,0.8238477710781753,-0.0410944185040227,0.101340868175912,-0.1345572698919386
1e-16,104,500104,1.9395069719692195,++---,NetZero>Delayed>Below2C>NDCs>Fragmented,1.3620897298070824,1.0669272865987631,-0.3584021792618928,-0.478686777395342,-0.5774172421621371
1e-16,105,500105,2.152904064090493,+++++,NetZero>Delayed>Below2C>NDCs>Fragmented,2.6335839504111545,2.2679282703059824,0.7211117442836579,0.6033550813187247,0.4806798863206616
1e-16,106,500106,1.5854075273868489,++---,NetZero>Delayed>Below2C>NDCs>Fragmented,1.1398326937586511,0.8999890030349715,-0.2980264741753116,-0.3875317481550344,-0.4455748336281977
1e-16,107,500107,1.665821905466652,+++--,NetZero>Delayed>Below2C>NDCs>Fragmented,1.5660715011508273,1.2919350792777955,0.0686152547800205,-0.0340947389719739,-0.0997504043158246
1e-16,108,500108,1.6174508129203025,++---,NetZero>Delayed>Below2C>NDCs>Fragmented,0.4365363858332274,0.2172794298522293,-1.0404464978420926,-1.1326903812096183,-1.180914427087075
1e-16,109,500109,1.520235611902584,++---,NetZero>Delayed>Below2C>NDCs>Fragmented,0.5170954225124633,0.3128254569483628,-0.8332315951636007,-0.9182803635355804,-1.0031401893901206
1e-16,110,500110,1.6191239530729318,++---,NetZero>Delayed>NDCs>Below2C>Fragmented,0.7631269161060148,0.601382543416678,-0.741030816088811,-0.4409295383394824,-0.855997036966917
1e-16,111,500111,1.0216687755495983,-----,NetZero>Delayed>Below2C>NDCs>Fragmented,-0.1806101178900134,-0.2986387407276183,-1.1097895310394064,-1.147995049660281,-1.2022788934396118
1e-16,112,500112,1.3908890583880418,+++++,NetZero>Delayed>NDCs>Below2C>Fragmented,1.72430458563756,1.5466502059632732,0.4378593794173286,0.7290256401782544,0.3334155272495183
1e-16,113,500113,1.2677012504185328,++---,NetZero>Delayed>NDCs>Below2C>Fragmented,0.6023958710386661,0.4784351691306039,-0.5812466710599766,-0.2822020686234618,-0.6653053793798667
1e-16,114,500114,1.1461097128357365,-----,NetZero>Delayed>Below2C>NDCs>Fragmented,-0.1340526027219866,-0.286848709898226,-1.207629230304597,-1.2789676999710156,-1.2801623155577229
1e-16,115,500115,1.6311927741982626,++---,NetZero>Delayed>Below2C>Fragmented>NDCs,0.6126206497676179,0.3592301148266421,-0.7465540065843448,-1.0185721244306447,-0.922620990025712
1e-16,116,500116,1.2843260331001014,++---,NetZero>Delayed>NDCs>Below2C>Fragmented,0.4397830986764321,0.3017673617881851,-0.760160452992019,-0.6377946238888321,-0.8445429344236692
1e-16,117,500117,1.6003407634821027,+++++,NetZero>Delayed>NDCs>Below2C>Fragmented,1.7332436394269457,1.5089633888793033,0.283614386649087,0.4009158574026963,0.1329028759448429
1e-16,118,500118,0.828929656418691,-----,NetZero>Delayed>NDCs>Below2C>Fragmented,-0.4066767978124948,-0.473854574185427,-1.185468510062068,-1.039591818969254,-1.2356064542311858
1e-16,119,500119,1.5668610798282177,++++-,NetZero>Delayed>NDCs>Below2C>Fragmented,1.5504412639696294,1.3385732602309228,0.1247422163248268,0.2377379715869998,-0.0164198158585882
1e-16,120,500120,1.4573941418016267,+++++,NetZero>Delayed>Below2C>NDCs>Fragmented,1.4745476104917024,1.240659155198481,0.1797471443208387,0.0984559297355716,0.0171534686900756
1e-16,121,500121,1.5194081434456683,+++++,NetZero>Delayed>Below2C>NDCs>Fragmented,1.730053655925377,1.4483331601502614,0.3849598522863835,0.2678286922375368,0.2106455124797084
1e-16,122,500122,2.162980244741423,++---,NetZero>Delayed>NDCs>Below2C>Fragmented,1.6632543685420698,1.4046620314000926,-0.3149927515298198,-0.0610128707882431,-0.4997258761993532
1e-16,123,500123,1.9756231074136092,++---,NetZero>Delayed>Below2C>NDCs>Fragmented,0.8793962408359619,0.5543270969874803,-0.905604168710513,-1.0384092711354969,-1.0962268665776476
1e-16,124,500124,1.5162631047340998,++---,NetZero>Delayed>NDCs>Below2C>Fragmented,0.2373574078537259,0.0751928029600335,-1.1360859500674692,-1.0289319806790176,-1.2789056968803738
1e-16,125,500125,1.6320977128833571,++---,NetZero>Delayed>Below2C>NDCs>Fragmented,0.4176811139619345,0.1909988083244638,-1.0281056773672494,-1.1377890305779133,-1.2144165989214226
1e-16,126,500126,1.353600141431582,++---,NetZero>Delayed>NDCs>Below2C>Fragmented,0.6212148921710425,0.4578311286099339,-0.6085975979966203,-0.4918955543121326,-0.7323852492605396
1e-16,127,500127,1.6282587654599607,++---,NetZero>Delayed>NDCs>Below2C>Fragmented,0.8153787222551745,0.6139923930118667,-0.6751668800742974,-0.5863034468030213,-0.8128800432047862
1e-16,128,500128,1.668407811308961,++---,NetZero>Delayed>Below2C>NDCs>Fragmented,1.456737402794441,1.1965211133535545,-0.0268289970873021,-0.118525091602919,-0.2116704085145202
1e-16,129,500129,1.4796472600682589,++-+-,NetZero>Delayed>NDCs>Below2C>Fragmented,1.2950179442692296,1.1009934490117086,-0.0558310082893105,0.0508540338672092,-0.1846293157990293
1e-16,130,500130,1.576456648370928,++---,NetZero>Delayed>Below2C>NDCs>Fragmented,1.0820314735570649,0.823623430660458,-0.3607534400021941,-0.4884893804091188,-0.494425174813863
1e-16,131,500131,1.598772778127397,++---,NetZero>Delayed>NDCs>Below2C>Fragmented,0.8167035109849081,0.6155037443032794,-0.6495734941000242,-0.5546619975218734,-0.7820692671424889
1e-16,132,500132,1.2169951500011802,++---,NetZero>Delayed>NDCs>Below2C>Fragmented,0.4406300993269711,0.3148164129982733,-0.668793232068849,-0.5379097784031086,-0.776365050674209
1e-16,133,500133,1.6487946811100411,+++++,NetZero>Delayed>Below2C>NDCs>Fragmented,1.8776976535965564,1.5930278738660946,0.4121309667760306,0.317836220231825,0.228902972486515
1e-16,134,500134,1.3468825460653222,++---,NetZero>Delayed>NDCs>Below2C>Fragmented,0.8642721835465439,0.7044510211368404,-0.3805913724447456,-0.2542961273496362,-0.4826103625187783
1e-16,135,500135,1.4334011553090211,++---,NetZero>Delayed>NDCs>Below2C>Fragmented,1.1039353716563485,0.9244897583757336,-0.211517513143197,-0.0896635313152502,-0.3294657836526729
1e-16,136,500136,1.4701248644185858,++---,NetZero>Delayed>Below2C>NDCs>Fragmented,0.9546996364678484,0.7335846951807277,-0.3498086763735086,-0.4410245558280588,-0.5154252279507374
1e-16,137,500137,0.869564601355227,-----,NetZero>Delayed>Below2C>NDCs>Fragmented,-0.1923886139110942,-0.2989075448164051,-0.9633609393807196,-1.0201055745787104,-1.0619532152663211
1e-16,138,500138,1.2222753757817455,++---,NetZero>Delayed>NDCs>Below2C>Fragmented,0.964310221791129,0.8009945455516947,-0.1458579427518334,-0.0367269039424718,-0.2579651539906167
1e-16,139,500139,1.6638088734050551,++---,NetZero>Delayed>NDCs>Below2C>Fragmented,1.1885739138026157,1.0150708923778913,-0.344961864499421,-0.0413381735153568,-0.4752349596024396
1e-16,140,500140,1.604694644356842,++---,NetZero>Delayed>NDCs>Below2C>Fragmented,0.9713309905705896,0.7654608388695081,-0.5069833014649596,-0.4112933803062537,-0.6333636537862524
1e-16,141,500141,2.027007585025393,++---,NetZero>Delayed>NDCs>Below2C>Fragmented,1.6902904229755988,1.4029535485957556,-0.139243481827441,-0.0542500377722867,-0.3367171620497937
1e-16,142,500142,1.4631014031943104,+++++,NetZero>Delayed>Below2C>NDCs>Fragmented,1.6376866793966878,1.3804147554869175,0.3369173874694886,0.2338806318889941,0.1745852762023774
1e-16,143,500143,1.7411989122078522,++---,NetZero>Delayed>Below2C>NDCs>Fragmented,1.0255435228104417,0.7611423447462804,-0.5231469344505082,-0.6400296800467782,-0.7156553893974107
1e-16,144,500144,1.781527002917689,+++++,NetZero>Delayed>NDCs>Below2C>Fragmented,1.9650289822350884,1.7095866792174663,0.3546252760954882,0.4564070462807827,0.1835019793173993
1e-16,145,500145,1.4164183352438515,++---,NetZero>Delayed>NDCs>Below2C>Fragmented,0.5681115997751367,0.3880781868683933,-0.7465019692397075,-0.6525707258541522,-0.8483067354687148
1e-16,146,500146,1.3241841990276138,++---,NetZero>Delayed>NDCs>Below2C>Fragmented,0.5677927057772223,0.3985943899276956,-0.6308676755143998,-0.5295547888669714,-0.7563914932503915
1e-16,147,500147,1.5832945239453178,++---,NetZero>Delayed>Below2C>Fragmented>NDCs,0.9065139201397026,0.6496434284552235,-0.444383786731521,-0.6767806038056152,-0.5926352821481369
1e-16,148,500148,1.1657331352566067,++---,NetZero>Delayed>NDCs>Below2C>Fragmented,0.6478871551717291,0.5191450647538853,-0.4365872735610239,-0.2955121985343605,-0.5178459800848776
1e-16,149,500149,1.927500947615275,++---,NetZero>Delayed>Below2C>NDCs>Fragmented,1.5709741143607192,1.2669394184864298,-0.1413053627076652,-0.2526410410258157,-0.3565268332545557
1e-15,0,510000,1.530141659317191,+++++,NetZero>Delayed>Below2C>NDCs>Fragmented,1.568715313346244,1.3141481932657904,0.2093919322743307,0.1226271329913188,0.0385736540290531
1e-15,1,510001,1.460738265683966,++---,NetZero>Delayed>Below2C>Fragmented>NDCs,0.63799950009119,0.409249511872682,-0.5761648238361841,-0.822738765592776,-0.7352541118140019
1e-15,2,510002,1.9387978468838063,++---,NetZero>Delayed>Below2C>Fragmented>NDCs,1.1420196129601168,0.8154775236558447,-0.4852740077017499,-0.7967782339236895,-0.7022003404113013
1e-15,3,510003,1.6525578240613883,+++-+,NetZero>Delayed>Below2C>Fragmented>NDCs,1.5726423205661426,1.2795010401144018,0.2103774663072228,-0.0799155034952456,0.0283514784136773
1e-15,4,510004,1.4217400150427444,++---,NetZero>Delayed>Below2C>NDCs>Fragmented,1.0103199890897308,0.7605073896353081,-0.2752503094346541,-0.3807516063469363,-0.4114200259530136
1e-15,5,510005,1.2978068481622658,+++--,NetZero>Delayed>Below2C>NDCs>Fragmented,1.190830523645784,0.9816185719985652,0.0008357289482603,-0.0494620120406406,-0.1069763245164816
1e-15,6,510006,1.4121207621404532,+++++,NetZero>Delayed>Below2C>NDCs>Fragmented,1.577380349800008,1.3474497151005402,0.318994682029222,0.2302033827736465,0.1652595876595546
1e-15,7,510007,1.341785804459236,++---,NetZero>Delayed>Below2C>NDCs>Fragmented,0.8562000340848979,0.6509392235972937,-0.3333972866820391,-0.4171415582922009,-0.485585770374338
1e-15,8,510008,2.1576399933037558,+++--,NetZero>Delayed>Below2C>Fragmented>NDCs,1.9645596630814095,1.5567422210246329,0.1361544056219306,-0.1930803302223456,-0.1264594984968825
1e-15,9,510009,1.448392682202181,++---,NetZero>Delayed>Below2C>NDCs>Fragmented,0.9439100630798958,0.7295998431410418,-0.3425975103239844,-0.4227185601513405,-0.5044826191222853
1e-15,10,510010,1.7242298756939074,++---,NetZero>Delayed>Below2C>NDCs>Fragmented,1.332870559700162,1.0680372582385296,-0.2249937513488351,-0.3277298378911326,-0.3913593159937454
1e-15,11,510011,1.4035531257000335,+++++,NetZero>Delayed>Below2C>NDCs>Fragmented,1.6866302675824754,1.458073158516326,0.4368159806629417,0.3827402722452588,0.2830771418824418
1e-15,12,510012,1.6753541972514232,++++-,NetZero>Delayed>NDCs>Below2C>Fragmented,1.620130593873368,1.431029950933732,0.0703632001146896,0.3956457835160023,-0.0552236033780553
1e-15,13,510013,2.128897768909125,++---,NetZero>Delayed>Below2C>NDCs>Fragmented,1.81629748959982,1.4804647397848354,-0.0753019279201789,-0.2231068386066685,-0.3126002793093052
1e-15,14,510014,1.30703031224985,++---,NetZero>Delayed>NDCs>Below2C>Fragmented,0.9222061643626528,0.7652039839902112,-0.2836472427146765,-0.1528171000290643,-0.3848241478871972
1e-15,15,510015,1.201634269535505,++++-,NetZero>Delayed>Below2C>NDCs>Fragmented,1.168753637624428,0.9660306608792242,0.0891039012692984,0.0181927426148402,-0.0328806319110768
1e-15,16,510016,1.5798989812198654,++---,NetZero>Delayed>NDCs>Below2C>Fragmented,1.1860052852809653,0.9841535107228712,-0.2418763572207471,-0.147510797322266,-0.3938936959389001
1e-15,17,510017,1.686956405253467,+++--,NetZero>Delayed>Below2C>NDCs>Fragmented,1.5004701735126855,1.2382517274893043,0.001861499356448,-0.0903973664773358,-0.1864862317407811
1e-15,18,510018,1.5600854533529045,++---,NetZero>Delayed>Below2C>Fragmented>NDCs,1.0629885991611314,0.7945670221276135,-0.2170547076344005,-0.4970968541917728,-0.3615150182654192
1e-15,19,510019,1.782571326948582,+++++,NetZero>Delayed>Below2C>NDCs>Fragmented,2.1863568271257074,1.8617402724430177,0.6082010468953576,0.4784954664647682,0.4037855001771255
1e-15,20,510020,1.511652066182628,++---,NetZero>Delayed>NDCs>Below2C>Fragmented,0.9168386960074426,0.8032456269290769,-0.5176190317012965,-0.015865042801276,-0.5948133701751854
1e-15,21,510021,0.6108773769447899,+++++,NetZero>Delayed>Below2C>NDCs>Fragmented,0.6386522513867505,0.5063340257537625,0.0958583851804273,0.0501677725682703,0.0277748744419605
1e-15,22,510022,1.3372582022159052,++---,NetZero>Delayed>Below2C>NDCs>Fragmented,0.9209520524398744,0.7217084733869723,-0.277621125304194,-0.3522172505233398,-0.4163061497760307
1e-15,23,510023,1.4424123424900004,++---,NetZero>Delayed>Below2C>NDCs>Fragmented,0.5852928863712115,0.3725557307823277,-0.695909961702561,-0.7819309568663741,-0.8571194561187889
1e-15,24,510024,1.3515436543692807,++---,NetZero>Delayed>Below2C>NDCs>Fragmented,1.0749681110971772,0.8690138998575287,-0.1249244355868626,-0.2190698220614719,-0.2765755432721035
1e-15,25,510025,2.0333216408336487,+++++,NetZero>Delayed>Below2C>Fragmented>NDCs,2.2021539362284965,1.823427890582816,0.6520347506103406,0.1688322953948478,0.4367630164061826
1e-15,26,510026,1.0653876770443973,+++-+,NetZero>Delayed>Below2C>Fragmented>NDCs,0.9551840459347618,0.750468915491084,0.1372910221816918,-0.1102036311096354,0.0447695998892849
1e-15,27,510027,1.9047992163945304,++---,NetZero>Delayed>Below2C>NDCs>Fragmented,1.3561137066116091,1.0663174205851071,-0.3687960427506027,-0.4731195869104221,-0.5486855097829211
1e-15,28,510028,1.7559952782629726,++---,NetZero>Delayed>Below2C>NDCs>Fragmented,0.3818642040219211,0.1479999232141446,-1.1930132403786535,-1.2385486005069173,-1.3741310742410515
1e-15,29,510029,1.7969127053341425,++---,NetZero>Delayed>NDCs>Below2C>Fragmented,1.5029665548240074,1.2556803541207255,-0.1197767858740932,-0.0400690866346917,-0.293946150510135
1e-15,30,510030,1.8382113089496712,++---,NetZero>Delayed>Below2C>NDCs>Fragmented,0.7042626404550212,0.4318953466734618,-0.9632453233910656,-1.0886057431698082,-1.13394866849465
1e-15,31,510031,1.8934547106949309,++---,NetZero>Delayed>Below2C>Fragmented>NDCs,1.3130022354105215,0.98536121195115,-0.1996946233874972,-0.5804524752844089,-0.3678621184389481
1e-15,32,510032,1.7460762257024296,++---,NetZero>Delayed>Below2C>NDCs>Fragmented,1.2271004440272724,0.9648812428033704,-0.3369411848228982,-0.4332956547935835,-0.5189757816751572
1e-15,33,510033,1.5172343274526017,++---,NetZero>Delayed>NDCs>Below2C>Fragmented,1.032862804427508,0.863269722330664,-0.3956412430121077,-0.0894876426027408,-0.4843715230250938
1e-15,34,510034,1.5030601045145358,++---,NetZero>Delayed>Below2C>NDCs>Fragmented,0.5696449434436208,0.3481797761409053,-0.8040011079043294,-0.9150196462259056,-0.9334151610709148
1e-15,35,510035,1.917908841863437,++---,NetZero>Delayed>Below2C>NDCs>Fragmented,1.5822959794681706,1.2823071015792702,-0.1517467909399501,-0.257633715909904,-0.3356128623952661
1e-15,36,510036,1.9805030189083936,++---,NetZero>Delayed>NDCs>Below2C>Fragmented,1.6515215656321052,1.376827472711485,-0.131900243157168,-0.0607932288626402,-0.3289814532762887
1e-15,37,510037,1.637733021565035,++---,NetZero>Delayed>Below2C>NDCs>Fragmented,0.9376811104674942,0.6998222915728491,-0.5337172246712267,-0.6280260805655624,-0.7000519110975407
1e-15,38,510038,1.4735899010625912,++++-,NetZero>Delayed>NDCs>Below2C>Fragmented,1.4609383457428131,1.2613239535768692,0.1240999806759428,0.2284827049089299,-0.0126515553197781
1e-15,39,510039,1.580517339027407,++---,NetZero>Delayed>Below2C>NDCs>Fragmented,1.144852681792765,0.9080210995030225,-0.2591302480638546,-0.3473792823168957,-0.4356646572346423
1e-15,40,510040,1.2437293486928491,+++++,NetZero>Delayed>NDCs>Below2C>Fragmented,1.322586945988416,1.1464754600779896,0.1903836192032479,0.3082584273356685,0.0788575972955665
1e-15,41,510041,1.9902217957309336,++---,NetZero>Delayed>Below2C>NDCs>Fragmented,1.654989441519349,1.3487084867334762,-0.1381128690431996,-0.2612647095244362,-0.3352323542115849
1e-15,42,510042,1.8949231313006996,++---,NetZero>Delayed>NDCs>Below2C>Fragmented,1.574083466757995,1.3225877573101743,-0.1595057947099234,-0.0712264003150391,-0.3208396645427043
1e-15,43,510043,1.691407394503394,++---,NetZero>Delayed>Below2C>NDCs>Fragmented,0.973464107435502,0.7137267534370508,-0.5469284949981006,-0.6570176914932064,-0.7179432870678921
1e-15,44,510044,1.1422775059085,++---,NetZero>Delayed>Below2C>NDCs>Fragmented,0.6609027197073263,0.4967793717532123,-0.350687021965308,-0.4255328419102202,-0.4813747862011737
1e-15,45,510045,1.8184516952502887,++---,NetZero>Delayed>NDCs>Below2C>Fragmented,1.294239234685204,1.059895460286093,-0.3493941144478572,-0.2508996102198937,-0.5242124605650846
1e-15,46,510046,1.736821396588592,++---,NetZero>Delayed>Below2C>NDCs>Fragmented,1.172318387986332,0.8909059447227539,-0.3810521368190454,-0.504949705820807,-0.56450300860226
1e-15,47,510047,1.123324905015024,++---,NetZero>Delayed>NDCs>Below2C>Fragmented,0.8548274694370579,0.7229618901983428,-0.1813541245073842,-0.0483660539928112,-0.2684974355779661
1e-15,48,510048,1.268762402532055,++---,NetZero>Delayed>NDCs>Below2C>Fragmented,0.5365543014596885,0.384550547230658,-0.6290822572070507,-0.5183682902641147,-0.7322081010723664
1e-15,49,510049,1.4819861820945888,++---,NetZero>Delayed>Below2C>NDCs>Fragmented,1.062585876557426,0.832645855111438,-0.2807380851757761,-0.3689725471758223,-0.4194003055371627
1e-15,50,510050,1.3877408146339918,+++++,NetZero>Delayed>Below2C>NDCs>Fragmented,1.5376224012904278,1.2942123759259476,0.2807590076564628,0.1825273200324169,0.149881586656436
1e-15,51,510051,1.744215698719717,++++-,NetZero>Delayed>Below2C>NDCs>Fragmented,1.7350015471397138,1.43234261088719,0.1763360030642142,0.0561057519025247,-0.0092141515800032
1e-15,52,510052,1.4157011314228491,++---,NetZero>Delayed>Below2C>NDCs>Fragmented,0.92301971299508,0.6976760193254343,-0.3341303249556682,-0.4283596839396488,-0.492681418427769
1e-15,53,510053,1.6610065975134318,++++-,NetZero>Delayed>NDCs>Below2C>Fragmented,1.5187016365848518,1.273945756350542,0.0090771138763021,0.0921560064324524,-0.14230496092858
1e-15,54,510054,1.420058491990381,++---,NetZero>Delayed>NDCs>Below2C>Fragmented,1.2086432820180215,1.0117406712422168,-0.1086237077298291,-0.004361478417989,-0.2114152099723591
1e-15,55,510055,1.7236383013459131,++---,NetZero>Delayed>Below2C>NDCs>Fragmented,1.3401517926614963,1.0607493593612205,-0.2160921003834457,-0.3322514576024282,-0.3834865086844168
1e-15,56,510056,1.1739606176848634,++---,NetZero>Delayed>Below2C>NDCs>Fragmented,1.049984222601946,0.8556743525483017,-0.0052703889252914,-0.0806406012816167,-0.1239763950829173
1e-15,57,510057,2.169275125075839,+++++,NetZero>Delayed>NDCs>Below2C>Fragmented,2.2970376605239293,1.9759369038742665,0.3396143136761895,0.4018827736855934,0.1277625354480904
1e-15,58,510058,1.3765449533486884,++---,NetZero>Delayed>NDCs>Below2C>Fragmented,0.8960206409776146,0.7345449027165345,-0.3513461034595151,-0.2459242894082547,-0.4805243123710738
1e-15,59,510059,1.8700951804335533,++---,NetZero>Delayed>Below2C>NDCs>Fragmented,1.441531539653088,1.1597358217459348,-0.2197842754589194,-0.3241189499893067,-0.4285636407804656
1e-15,60,510060,1.2907883666641662,+++++,NetZero>Delayed>Below2C>NDCs>Fragmented,1.416551527982858,1.205627826018894,0.2643806579961718,0.1926007412766819,0.1257631613186918
1e-15,61,510061,0.8792401802041971,+++++,NetZero>Delayed>Below2C>NDCs>Fragmented,0.9263223153586284,0.774133305735921,0.1460122293077832,0.0901467086023122,0.0470821351544312
1e-15,62,510062,1.2118389988171203,-----,NetZero>Delayed>NDCs>Below2C>Fragmented,-0.2803941137808792,-0.3854817606388629,-1.4090481940007915,-1.3006000553027892,-1.4922331125979995
1e-15,63,510063,1.3568345534666677,+++--,NetZero>Delayed>Below2C>NDCs>Fragmented,1.28325858143145,1.0666308723405091,0.0636506051852068,-0.0113974273111017,-0.0735759720352176
1e-15,64,510064,1.5518524633774642,++---,NetZero>Delayed>Below2C>NDCs>Fragmented,1.3348290796326174,1.087581016373877,-0.0467436765470505,-0.1431371025161429,-0.2170233837448467
1e-15,65,510065,1.3701797919893646,++---,NetZero>Delayed>Below2C>NDCs>Fragmented,0.9393086205609468,0.7361386403535572,-0.2844336516922769,-0.3647744988449304,-0.4308711714284179
1e-15,66,510066,1.825491507444592,+++++,NetZero>Delayed>Below2C>NDCs>Fragmented,2.093397710043185,1.7770772760424924,0.4716550841646949,0.3682894888223202,0.2679062025985939
1e-15,67,510067,1.7853894631033755,++---,NetZero>Delayed>Below2C>NDCs>Fragmented,0.9353353756945132,0.6802586494191172,-0.6530659049914416,-0.7532565320842575,-0.8500540874088625
1e-15,68,510068,1.9723016666014,+++++,NetZero>Delayed>Below2C>NDCs>Fragmented,2.026969542816233,1.708151405953244,0.2622815252113133,0.1486167440572363,0.0546678762148333
1e-15,69,510069,1.8437156480685588,+++++,NetZero>Delayed>Below2C>NDCs>Fragmented,1.940339866013411,1.6372820740586311,0.2998210006645285,0.2016039042288486,0.0966242179448522
1e-15,70,510070,1.3290725975586126,+----,NetZero>Delayed>Below2C>NDCs>Fragmented,0.1026579368380367,-0.0687273413541775,-1.132429780981679,-1.2102141861319715,-1.226414660720576
1e-15,71,510071,2.174272272092824,++++-,NetZero>Delayed>NDCs>Below2C>Fragmented,2.0643879939726992,1.7371522187866215,0.0894021228832007,0.1666512558116313,-0.1098842781201243
1e-15,72,510072,1.4128684184940683,+++--,NetZero>Delayed>Below2C>Fragmented>NDCs,1.171639451928863,0.874317521522399,0.1270631711138508,-0.2412289665652052,-0.0362872965753973
1e-15,73,510073,1.636930538237789,+++++,NetZero>Delayed>Below2C>NDCs>Fragmented,2.002575702027542,1.728274896420499,0.5483312137006617,0.4570116659508634,0.3656451637897531
1e-15,74,510074,1.7293740489202798,++-+-,NetZero>Delayed>NDCs>Below2C>Fragmented,1.475915733493371,1.2359759705970546,-0.0834079648572823,0.0037185353120046,-0.2534583154269088
1e-15,75,510075,1.237042450886816,++---,NetZero>Delayed>NDCs>Below2C>Fragmented,0.8531110656438061,0.7116051362735147,-0.3162993884066982,-0.0381120271164197,-0.3839313852430099
1e-15,76,510076,1.535131778175378,++---,NetZero>Delayed>NDCs>Below2C>Fragmented,1.2442204833998634,1.0492227090719983,-0.1481389816051685,-0.0310761141732451,-0.2909112947755146
1e-15,77,510077,1.2130998303574303,++---,NetZero>Delayed>Below2C>NDCs>Fragmented,0.5819136589832898,0.4042380300590271,-0.5280563760515937,-0.598402298211965,-0.6311861713741407
1e-15,78,510078,1.4533368568293,++---,NetZero>Delayed>Below2C>NDCs>Fragmented,0.4262946658380815,0.2350118692131575,-0.8645691893186314,-0.9458688319004572,-1.0270421909912186
1e-15,79,510079,1.1935133700745637,++---,NetZero>Delayed>Below2C>NDCs>Fragmented,0.632772465802435,0.4630130903603553,-0.426495626129292,-0.4957922366448413,-0.5607409042721287
1e-15,80,510080,1.7167409274634138,++---,NetZero>Delayed>Below2C>Fragmented>NDCs,1.0167022205728349,0.7405574300529296,-0.4097687404133121,-0.7000387068905791,-0.5740723084634225
1e-15,81,510081,1.621407783732545,++---,NetZero>Delayed>NDCs>Below2C>Fragmented,0.8350357912158186,0.6617720066870163,-0.6854452632556405,-0.4134658368944279,-0.7863719925167261
1e-15,82,510082,1.6398842438758263,++++-,NetZero>Delayed>Below2C>NDCs>Fragmented,1.576680629357173,1.3197782250106234,0.1181358064959696,0.0274552396702789,-0.0632036145186534
1e-15,83,510083,1.921609921466365,++---,NetZero>Delayed>Below2C>NDCs>Fragmented,1.079771698598028,0.8001152618509,-0.6288133756515983,-0.7351869150846482,-0.8418382228683368
1e-15,84,510084,1.5277434164226595,+++++,NetZero>Delayed>Below2C>NDCs>Fragmented,1.99828901969421,1.7302459265960504,0.6279646715373954,0.5356741403780156,0.4705456032715505
1e-15,85,510085,1.6483268485080371,++---,NetZero>Delayed>NDCs>Below2C>Fragmented,1.1955886306812369,1.0115507290044532,-0.3391188776983758,-0.1001703436487004,-0.4527382178268002
1e-15,86,510086,1.8083942516737697,++++-,NetZero>Delayed>NDCs>Below2C>Fragmented,1.6852414825056292,1.4363125455214298,0.0398828362277785,0.1356905335601355,-0.1231527691681404
1e-15,87,510087,1.830223681457304,+++++,NetZero>Delayed>Below2C>NDCs>Fragmented,1.8631361113683784,1.5657867766587947,0.2255290098468831,0.1190506413544834,0.0329124299110747
1e-15,88,510088,1.400625948054953,++---,NetZero>Delayed>NDCs>Below2C>Fragmented,1.0901769606558376,0.9064509970337866,-0.1981165081766747,-0.0697228358438875,-0.3104489873991154
1e-15,89,510089,1.3350321065541928,-----,NetZero>Delayed>NDCs>Below2C>Fragmented,-0.597912457989598,-0.7225696392812406,-1.866318598179471,-1.7691889988594818,-1.9329445645437908
1e-15,90,510090,1.3644105397890112,++---,NetZero>Delayed>NDCs>Below2C>Fragmented,0.2201707069808445,0.0762383769618533,-1.0631269101462126,-0.9468876574708514,-1.1442398328081669
1e-15,91,510091,1.3756270557323464,+++--,NetZero>Delayed>Below2C>NDCs>Fragmented,1.2659461846830191,1.050833812562939,0.0450219316308602,-0.0363321664129698,-0.1096808710493273
1e-15,92,510092,1.6898356410772897,++---,NetZero>Delayed>Below2C>NDCs>Fragmented,1.333273094610489,1.0770500561892118,-0.1962107869809006,-0.2610479366521967,-0.3565625464668005
1e-15,93,510093,1.5068317269688078,++---,NetZero>Delayed>Below2C>NDCs>Fragmented,1.0082547083173212,0.7866465403758562,-0.3302199241104282,-0.4136058832708791,-0.4985770186514866
1e-15,94,510094,1.6649964784939837,+++--,NetZero>Delayed>Below2C>NDCs>Fragmented,1.5180762769028238,1.2409432401632083,0.0219518776893252,-0.0894146276147491,-0.1469202015911599
1e-15,95,510095,0.9049927047924776,++---,NetZero>Delayed>Below2C>NDCs>Fragmented,0.2182507063630732,0.0809736922095623,-0.6182876874921499,-0.6764273989353442,-0.6867419984294045
1e-15,96,510096,1.2707204249147304,++---,NetZero>Delayed>Below2C>NDCs>Fragmented,1.0401519976154394,0.8213785751466509,-0.104052328505066,-0.1955548429807621,-0.2305684272992909
1e-15,97,510097,1.5757112954943433,+++++,NetZero>Delayed>Below2C>NDCs>Fragmented,1.6169466754281945,1.3596792435759744,0.2039620382271549,0.1173569742230822,0.0412353799338509
1e-15,98,510098,1.9913117666321256,+++++,NetZero>Delayed>NDCs>Below2C>Fragmented,2.0161400448487177,1.7720554749247566,0.1942725366052315,0.4794923297144913,0.0248282782165918
1e-15,99,510099,1.3757276080621348,++---,NetZero>Delayed>NDCs>Below2C>Fragmented,0.2076564425342315,0.0599787100321975,-1.079814513516188,-0.9334625134548044,-1.1680711655279032
1e-15,100,510100,1.9740835495913944,++---,NetZero>Delayed>Below2C>Fragmented>NDCs,1.1896496226353666,0.8649292673716744,-0.4105613845808382,-0.7844339269560279,-0.5694015073510075
1e-15,101,510101,1.3518877496358574,++---,NetZero>Delayed>Below2C>NDCs>Fragmented,0.2859369673622725,0.1122931978274279,-0.9148087195109648,-0.990364972449138,-1.065950782273585
1e-15,102,510102,2.3204562196896097,+++++,NetZero>Delayed>Below2C>NDCs>Fragmented,2.8372093719557343,2.4438634882445074,0.7757231415241055,0.6478440477375624,0.5167531522661246
1e-15,103,510103,1.1436561576479285,++-+-,NetZero>Delayed>NDCs>Below2C>Fragmented,0.96350422351178,0.8668923573911309,-0.1079683036530214,0.2301500658210469,-0.1801519341361483
1e-15,104,510104,1.2137531357997746,+++++,NetZero>Delayed>Below2C>NDCs>Fragmented,1.3328496260017615,1.1336977588906256,0.2491319009405646,0.181048863275969,0.1190964902019868
1e-15,105,510105,1.882181281744173,++---,NetZero>Delayed>Below2C>NDCs>Fragmented,1.6296766619758207,1.317774477439843,-0.069506346759391,-0.1829015513296989,-0.2525046197683522
1e-15,106,510106,2.033250894754844,++---,NetZero>Delayed>NDCs>Below2C>Fragmented,1.5151499952013276,1.2282842127595952,-0.3486164182526292,-0.2610805116088679,-0.5181008995535161
1e-15,107,510107,1.43692948135342,++---,NetZero>Delayed>NDCs>Below2C>Fragmented,0.7702260766994491,0.6310310043469105,-0.5607427318931077,-0.2498318313872976,-0.6667034046539708
1e-15,108,510108,1.0343575878081852,++---,NetZero>Delayed>Below2C>Fragmented>NDCs,0.3805008012982465,0.2100536062002871,-0.4673177700940689,-0.6538567865099387,-0.5798908007456633
1e-15,109,510109,1.277769305922506,++---,NetZero>Delayed>Below2C>NDCs>Fragmented,0.9958197557702428,0.8032017123595336,-0.137668086820613,-0.2110283519686877,-0.2819495501522633
1e-15,110,510110,1.7471765800694894,+++++,NetZero>Delayed>Below2C>NDCs>Fragmented,2.4730365142242063,2.162914975497864,0.914662214256587,0.8189605868689012,0.725859934154717
1e-15,111,510111,2.006838285280957,++---,NetZero>Delayed>Below2C>NDCs>Fragmented,1.2059831077931098,0.9109819695111632,-0.5724703522428816,-0.6920793297926151,-0.8008551774878474
1e-15,112,510112,1.4181250683690796,++++-,NetZero>Delayed>NDCs>Below2C>Fragmented,1.3747705999495148,1.1801648279930967,0.0856644532388379,0.1904411598930604,-0.0433544684195648
1e-15,113,510113,1.882851102304255,+++++,NetZero>Delayed>Below2C>NDCs>Fragmented,2.3009419046608324,1.9811992801757212,0.6282232587547738,0.5256722594998968,0.4180908023565775
1e-15,114,510114,1.533618500391,++---,NetZero>Delayed>NDCs>Below2C>Fragmented,1.1063098996856593,0.9075621380106892,-0.2867062565778089,-0.1825525716034746,-0.4273086007053406
1e-15,115,510115,1.7382148833236224,++---,NetZero>Delayed>Below2C>NDCs>Fragmented,1.3042912435909155,1.0408770964269651,-0.2398112228179774,-0.3359934595956853,-0.4339236397327068
1e-15,116,510116,1.5299807301882995,++---,NetZero>Delayed>Below2C>Fragmented>NDCs,1.1672659107444965,0.8949219950491902,-0.0753574954101474,-0.362714819443803,-0.2104640346779165
1e-15,117,510117,1.4287684721473066,+++--,NetZero>Delayed>Below2C>NDCs>Fragmented,1.3408708012572723,1.116116353527778,0.0703330145658891,-0.0080305586017268,-0.087897670890034
1e-15,118,510118,1.7414396116597128,++---,NetZero>Delayed>Below2C>NDCs>Fragmented,0.9954630784823024,0.7347347865203777,-0.5700859452515381,-0.6972179997191832,-0.7459765331774104
1e-15,119,510119,1.3411421676090471,++---,NetZero>Delayed>NDCs>Below2C>Fragmented,0.8743298455074053,0.7127780552049785,-0.3657232685597527,-0.233928516382603,-0.4668123221016418
1e-15,120,510120,0.9306079401181816,++-+-,NetZero>Delayed>NDCs>Below2C>Fragmented,0.7297904816108516,0.6250372435128924,-0.1280500285031935,0.0080580490414021,-0.2008174585073301
1e-15,121,510121,1.4470560422831846,+++++,NetZero>Delayed>Below2C>NDCs>Fragmented,1.715695278731918,1.4612826485005914,0.3923976675756613,0.3325580692538636,0.2686392364487333
1e-15,122,510122,1.8247745583362227,++---,NetZero>Delayed>Below2C>NDCs>Fragmented,1.2333733851237327,0.9661410137611948,-0.3870600298986599,-0.4953715038715476,-0.59140117321249
1e-15,123,510123,1.8721144100858675,+++--,NetZero>Delayed>Below2C>Fragmented>NDCs,1.2914121371978722,0.94569837709818,0.0722470787495312,-0.5807022728879954,-0.1039525857133703
1e-15,124,510124,2.232943463693324,++---,NetZero>Delayed>NDCs>Below2C>Fragmented,1.698488701042276,1.394407229645545,-0.3450006717715395,-0.2481805561011971,-0.5344547626510479
1e-15,125,510125,1.481695513481771,++---,NetZero>Delayed>Below2C>NDCs>Fragmented,0.548523988324852,0.339086799484388,-0.8136117514209769,-0.8968696347837333,-0.933171525156919
1e-15,126,510126,1.59424383828816,++---,NetZero>Delayed>NDCs>Below2C>Fragmented,0.4876746982949633,0.305540748827469,-0.9650369106159392,-0.8822565253813881,-1.1065691399931965
1e-15,127,510127,1.3989167668763107,+++--,NetZero>Delayed>Below2C>NDCs>Fragmented,1.201594086698497,0.8854993563402949,0.0269970399832586,-0.1011593575024161,-0.1973226801778134
1e-15,128,510128,1.5385345134459212,+++++,NetZero>Delayed>Below2C>Fragmented>NDCs,1.5688694302280513,1.2854162591201423,0.2261261132074019,0.03033491678213,0.0677235449825572
1e-15,129,510129,1.706981701278393,+++++,NetZero>Delayed>NDCs>Below2C>Fragmented,1.7111360147018808,1.477651722823774,0.1601512830439584,0.2696711401023508,0.0041543134234878
1e-15,130,510130,1.5376378781254534,++---,NetZero>Delayed>Below2C>NDCs>Fragmented,0.3456015816916666,0.1017159556879359,-1.0392594625485168,-1.1676088946781389,-1.1920362964337867
1e-15,131,510131,1.1796975627909925,+++--,NetZero>Delayed>Below2C>NDCs>Fragmented,1.0648572334578268,0.8574160024228785,0.0158545653294406,-0.0566064332739388,-0.1148403293331656
1e-15,132,510132,0.942545384851026,-----,NetZero>Delayed>NDCs>Below2C>Fragmented,-0.0488995267244911,-0.1454611379733736,-0.942866663031062,-0.8379964542262375,-0.9914449115755172
1e-15,133,510133,1.4979148665660356,++---,NetZero>Delayed>Below2C>NDCs>Fragmented,0.634979926172647,0.4280688970890418,-0.7053180133550279,-0.8104068463158303,-0.8629349403933886
1e-15,134,510134,1.269945055732891,++++-,NetZero>Delayed>Below2C>NDCs>Fragmented,1.2485933786002934,1.0449221444715362,0.1147452104679058,0.0434842519484517,-0.0213516771325976
1e-15,135,510135,1.602538949563633,++---,NetZero>Delayed>NDCs>Below2C>Fragmented,0.4323949379949043,0.2556608960948376,-1.0364163840064933,-0.9489055185685324,-1.1701440115687287
1e-15,136,510136,1.2779269763898575,+++++,NetZero>Delayed>Below2C>NDCs>Fragmented,1.3953079641663324,1.1770280458949274,0.2557294246346275,0.1789817283571388,0.1173809877764746
1e-15,137,510137,1.3374075856618246,+++--,NetZero>Delayed>Below2C>NDCs>Fragmented,1.2580142742669778,1.0396465604145813,0.0571131522517704,-0.027456834403809,-0.0793933113948468
1e-15,138,510138,1.8171252186647024,++---,NetZero>Delayed>NDCs>Below2C>Fragmented,0.8934752799495262,0.6569529610065161,-0.7822411151842186,-0.7121503816110937,-0.923649938715176
1e-15,139,510139,1.3269869675432708,++++-,NetZero>Delayed>NDCs>Below2C>Fragmented,1.2682652032040187,1.0801917510415031,0.0533243196665722,0.1809208274496407,-0.0587217643392521
1e-15,140,510140,1.2584204783880502,++---,NetZero>Delayed>Below2C>NDCs>Fragmented,0.96311730820755,0.7720009487716131,-0.160529298775133,-0.2312029182594202,-0.2953031701805
1e-15,141,510141,1.9488117864964705,+++++,NetZero>Delayed>Below2C>Fragmented>NDCs,2.098913596018076,1.7277983339593506,0.622489000328375,0.1501018095216051,0.4004658663177833
1e-15,142,510142,1.632944476478033,+++++,NetZero>Delayed>Below2C>Fragmented>NDCs,1.6897746363079376,1.3831894122877006,0.3555325566207865,0.0568301598299045,0.1812181098567258
1e-15,143,510143,1.6501417998874246,+++++,NetZero>Delayed>Below2C>NDCs>Fragmented,1.865447099246862,1.5839340375633983,0.396156946152169,0.2930859023323138,0.2153052993594375
1e-15,144,510144,1.549452366611658,++---,NetZero>Delayed>NDCs>Below2C>Fragmented,0.4770713385165261,0.3281697299455721,-1.0122009169983763,-0.6779796350781093,-1.0723810280951318
1e-15,145,510145,1.1190893096088432,++---,NetZero>Delayed>Below2C>NDCs>Fragmented,0.9817035404343876,0.7886877531641199,-0.0128198970372901,-0.0855547274195696,-0.1373857691744557
1e-15,146,510146,1.185405888113933,+----,NetZero>Delayed>Below2C>NDCs>Fragmented,0.1532571524735209,-0.0139208336816798,-0.9436621148601848,-1.0142093091690296,-1.0321487356404124
1e-15,147,510147,1.3860539413502788,+++++,NetZero>Delayed>Below2C>Fragmented>NDCs,1.7857266900122757,1.520958401164607,0.6526011832654581,0.3996727486619966,0.505229803597905
1e-15,148,510148,1.4295827670387555,-----,NetZero>Delayed>NDCs>Below2C>Fragmented,-0.0394019118502262,-0.1489284544345976,-1.3891282113360846,-1.095195274960597,-1.4689846788889818
1e-15,149,510149,1.6521674226716394,++---,NetZero>Delayed>NDCs>Below2C>Fragmented,1.3358134689498602,1.1180083614086596,-0.1561834583322867,-0.0590769830280852,-0.3163539537217792
