Scenario,Component,Sector,Date,LogRatioReplication,LogRatioThesis
Below 2°C,combined,CDSC,2050-12-31,0.0,0.689766565199718
Below 2°C,combined,COMM,2050-12-31,-1.8811547877624992,-6.21363745520342
Below 2°C,combined,CSTP,2050-12-31,0.0,-0.760537805922205
Below 2°C,combined,ENRG,2050-12-31,0.09261692117055009,-0.824163272984106
Below 2°C,combined,FIN,2050-12-31,0.0,0.0
Below 2°C,combined,HLTC,2050-12-31,0.0,-0.510309228338918
Below 2°C,combined,IND,2050-12-31,0.0,-0.344975702941997
Below 2°C,combined,INFT,2050-12-31,-1.025915978096803,-1.80523968057186
Below 2°C,combined,MATS,2050-12-31,-1.4743420660019604,-1.67336368378642
Below 2°C,combined,REIT,2050-12-31,-0.046803919571619446,-0.035718851099417
Below 2°C,combined,UTIL,2050-12-31,0.0,0.0
Below 2°C,physical,CDSC,2050-12-31,0.0,0.690003106088165
Below 2°C,physical,COMM,2050-12-31,-1.8198205641060943,-6.00414744586927
Below 2°C,physical,CSTP,2050-12-31,0.0,-0.760800558245457
Below 2°C,physical,ENRG,2050-12-31,0.0,-0.998662627253473
Below 2°C,physical,FIN,2050-12-31,0.0,0.0
Below 2°C,physical,HLTC,2050-12-31,0.0,-0.510484517443683
Below 2°C,physical,IND,2050-12-31,0.0,-0.345094038300355
Below 2°C,physical,INFT,2050-12-31,-1.025915978096803,-1.85181819035205
Below 2°C,physical,MATS,2050-12-31,-1.4740610355318076,-3.37519647630977
Below 2°C,physical,REIT,2050-12-31,0.005007529766984042,-0.0606371052151747
Below 2°C,physical,UTIL,2050-12-31,0.0,0.0
Below 2°C,transition,CDSC,2050-12-31,0.0,0.689766565199718
Below 2°C,transition,COMM,2050-12-31,-1.8443293481046652,-6.18985105805325
Below 2°C,transition,CSTP,2050-12-31,0.0,-0.760537805922205
Below 2°C,transition,ENRG,2050-12-31,0.09261692117055009,-0.824163272984106
Below 2°C,transition,FIN,2050-12-31,0.0,0.0
Below 2°C,transition,HLTC,2050-12-31,0.0,-0.510309228338918
Below 2°C,transition,IND,2050-12-31,0.0,-0.344975702941997
Below 2°C,transition,INFT,2050-12-31,-1.025915978096803,-1.81723051802233
Below 2°C,transition,MATS,2050-12-31,-1.472255805205525,-1.67239899055953
Below 2°C,transition,REIT,2050-12-31,-0.05105868302022287,-0.0366427610748926
Below 2°C,transition,UTIL,2050-12-31,0.0,0.0
Delayed transition,combined,CDSC,2050-12-31,0.0,0.66159651970908
Delayed transition,combined,COMM,2050-12-31,-1.972732419438258,-6.52885541549261
Delayed transition,combined,CSTP,2050-12-31,0.0,-0.712208191914591
Delayed transition,combined,ENRG,2050-12-31,0.24740650587094937,0.129077523245582
Delayed transition,combined,FIN,2050-12-31,0.013765694884983581,0.0205261668094835
Delayed transition,combined,HLTC,2050-12-31,0.0,-0.510417019352881
Delayed transition,combined,IND,2050-12-31,0.0,-0.331763784202568
Delayed transition,combined,INFT,2050-12-31,-1.0432336137640732,-1.98414948110102
Delayed transition,combined,MATS,2050-12-31,-1.4762796772187556,-2.02971194631174
Delayed transition,combined,REIT,2050-12-31,-0.226935196617573,-0.0261749536907187
Delayed transition,combined,UTIL,2050-12-31,0.0,0.0
Delayed transition,physical,CDSC,2050-12-31,0.0,0.688170703849166
Delayed transition,physical,COMM,2050-12-31,-1.963937666793786,-6.35887152334068
Delayed transition,physical,CSTP,2050-12-31,0.0,-0.711682690042853
Delayed transition,physical,ENRG,2050-12-31,0.0,-0.998662627253473
Delayed transition,physical,FIN,2050-12-31,0.0,0.0
Delayed transition,physical,HLTC,2050-12-31,0.0,-0.510484517443683
Delayed transition,physical,IND,2050-12-31,0.0,-0.345094038300355
Delayed transition,physical,INFT,2050-12-31,-1.0430754246599774,-1.8304176095143
Delayed transition,physical,MATS,2050-12-31,-1.4905466225192043,-3.36802012795401
Delayed transition,physical,REIT,2050-12-31,-0.005532760718810259,-0.0581859816681169
Delayed transition,physical,UTIL,2050-12-31,0.0,0.0
Delayed transition,transition,CDSC,2050-12-31,0.0,0.661573574033984
Delayed transition,transition,COMM,2050-12-31,-1.9525359708070775,-6.53540396060448
Delayed transition,transition,CSTP,2050-12-31,0.0,-0.695162343412347
Delayed transition,transition,ENRG,2050-12-31,0.24837366331697952,0.1644096230804
Delayed transition,transition,FIN,2050-12-31,0.0043063121593398535,0.0035906487663924
Delayed transition,transition,HLTC,2050-12-31,0.0,-0.510396805510079
Delayed transition,transition,IND,2050-12-31,0.0,-0.33175234239354
Delayed transition,transition,INFT,2050-12-31,-1.0431678894883678,-1.9822162247202
Delayed transition,transition,MATS,2050-12-31,-1.491565129648078,-2.02668884916335
Delayed transition,transition,REIT,2050-12-31,-0.2152200369727666,-0.0496956154306812
Delayed transition,transition,UTIL,2050-12-31,0.0,0.0
Fragmented World,combined,CDSC,2050-12-31,0.0,0.688106636463727
Fragmented World,combined,COMM,2050-12-31,-1.9523685115595653,-6.46244362382873
Fragmented World,combined,CSTP,2050-12-31,0.0,-0.711621164805259
Fragmented World,combined,ENRG,2050-12-31,0.06956329341828837,-0.863130889593364
Fragmented World,combined,FIN,2050-12-31,0.0043063121593398535,0.0116175101146487
Fragmented World,combined,HLTC,2050-12-31,0.0,-0.510436759914285
Fragmented World,combined,IND,2050-12-31,0.0,-0.345061797807308
Fragmented World,combined,INFT,2050-12-31,-1.0431032304641192,-1.84582412172451
Fragmented World,combined,MATS,2050-12-31,-1.4790998326889002,-2.03138560354156
Fragmented World,combined,REIT,2050-12-31,-0.1020739965260491,-0.0341651470493258
Fragmented World,combined,UTIL,2050-12-31,0.0,0.0
Fragmented World,physical,CDSC,2050-12-31,0.0,0.688170703849166
Fragmented World,physical,COMM,2050-12-31,-1.9149893711978265,-6.30375782161245
Fragmented World,physical,CSTP,2050-12-31,0.0,-0.711682690042853
Fragmented World,physical,ENRG,2050-12-31,0.0,-0.998662627253473
Fragmented World,physical,FIN,2050-12-31,0.0,0.0
Fragmented World,physical,HLTC,2050-12-31,0.0,-0.510484517443683
Fragmented World,physical,IND,2050-12-31,0.0,-0.345094038300355
Fragmented World,physical,INFT,2050-12-31,-1.0430754246599774,-1.836414036307
Fragmented World,physical,MATS,2050-12-31,-1.4905466225192043,-3.36802012795401
Fragmented World,physical,REIT,2050-12-31,-0.00979307555897524,-0.0610685797603478
Fragmented World,physical,UTIL,2050-12-31,0.0,0.0
Fragmented World,transition,CDSC,2050-12-31,0.0,0.661618901457673
Fragmented World,transition,COMM,2050-12-31,-1.9676718281096655,-6.4924097856299
Fragmented World,transition,CSTP,2050-12-31,0.0,-0.711611575510615
Fragmented World,transition,ENRG,2050-12-31,0.06057269500234197,-0.934512806554046
Fragmented World,transition,FIN,2050-12-31,0.0,0.0
Fragmented World,transition,HLTC,2050-12-31,0.0,-0.510432235558725
Fragmented World,transition,IND,2050-12-31,0.0,-0.331775083008332
Fragmented World,transition,INFT,2050-12-31,-1.0431678894883678,-1.90203275202053
Fragmented World,transition,MATS,2050-12-31,-1.4885518926719294,-2.02553817645125
Fragmented World,transition,REIT,2050-12-31,-0.09182853462514595,-0.0435291873389439
Fragmented World,transition,UTIL,2050-12-31,0.0,0.0
Nationally Determined Contributions (NDCs),combined,CDSC,2050-12-31,0.0,0.68806920788338
Nationally Determined Contributions (NDCs),combined,COMM,2050-12-31,-1.9516365320654625,-6.33427774402084
Nationally Determined Contributions (NDCs),combined,CSTP,2050-12-31,0.0,-0.711577682219622
Nationally Determined Contributions (NDCs),combined,ENRG,2050-12-31,0.05022662808085254,-0.701207732037273
Nationally Determined Contributions (NDCs),combined,FIN,2050-12-31,0.0,0.0
Nationally Determined Contributions (NDCs),combined,HLTC,2050-12-31,0.0,-0.510409079579817
Nationally Determined Contributions (NDCs),combined,IND,2050-12-31,0.0,-0.345043111210367
Nationally Determined Contributions (NDCs),combined,INFT,2050-12-31,-1.0430754246599774,-1.8642424718106
Nationally Determined Contributions (NDCs),combined,MATS,2050-12-31,-1.4905466225192043,-2.62608417370644
Nationally Determined Contributions (NDCs),combined,REIT,2050-12-31,-0.061604944442872345,-0.0444987306520141
Nationally Determined Contributions (NDCs),combined,UTIL,2050-12-31,0.0,0.0
Nationally Determined Contributions (NDCs),physical,CDSC,2050-12-31,0.0,0.688170703849166
Nationally Determined Contributions (NDCs),physical,COMM,2050-12-31,-1.9516365320654634,-6.32988008037214
Nationally Determined Contributions (NDCs),physical,CSTP,2050-12-31,0.0,-0.711682690042853
Nationally Determined Contributions (NDCs),physical,ENRG,2050-12-31,0.0,-0.998662627253473
Nationally Determined Contributions (NDCs),physical,FIN,2050-12-31,0.0,0.0
Nationally Determined Contributions (NDCs),physical,HLTC,2050-12-31,0.0,-0.510484517443683
Nationally Determined Contributions (NDCs),physical,IND,2050-12-31,0.0,-0.345094038300355
Nationally Determined Contributions (NDCs),physical,INFT,2050-12-31,-1.0430754246599774,-1.836414036307
Nationally Determined Contributions (NDCs),physical,MATS,2050-12-31,-1.4905466225192043,-3.36802012795401
Nationally Determined Contributions (NDCs),physical,REIT,2050-12-31,-0.00979307555897524,-0.0610685797603478
Nationally Determined Contributions (NDCs),physical,UTIL,2050-12-31,0.0,0.0
Nationally Determined Contributions (NDCs),transition,CDSC,2050-12-31,0.0,0.68806920788338
Nationally Determined Contributions (NDCs),transition,COMM,2050-12-31,-1.9271623842674845,-6.33897633293761
Nationally Determined Contributions (NDCs),transition,CSTP,2050-12-31,0.0,-0.711577682219622
Nationally Determined Contributions (NDCs),transition,ENRG,2050-12-31,0.05022662808085254,-0.701207732037273
Nationally Determined Contributions (NDCs),transition,FIN,2050-12-31,0.0,0.0
Nationally Determined Contributions (NDCs),transition,HLTC,2050-12-31,0.0,-0.510409079579817
Nationally Determined Contributions (NDCs),transition,IND,2050-12-31,0.0,-0.345043111210367
Nationally Determined Contributions (NDCs),transition,INFT,2050-12-31,-1.0430754246599774,-1.8852227247828
Nationally Determined Contributions (NDCs),transition,MATS,2050-12-31,-1.4905466225192043,-2.62257962119964
Nationally Determined Contributions (NDCs),transition,REIT,2050-12-31,-0.061604944442872345,-0.0427671167415023
Nationally Determined Contributions (NDCs),transition,UTIL,2050-12-31,0.0,0.0
Net Zero 2050,combined,CDSC,2050-12-31,0.0,0.689698150755532
Net Zero 2050,combined,COMM,2050-12-31,-1.854073104408644,-6.27113334327107
Net Zero 2050,combined,CSTP,2050-12-31,0.0,-0.760462202671381
Net Zero 2050,combined,ENRG,2050-12-31,0.30488528499001344,0.285374313980024
Net Zero 2050,combined,FIN,2050-12-31,0.0,0.0
Net Zero 2050,combined,HLTC,2050-12-31,0.0,-0.510258521493899
Net Zero 2050,combined,IND,2050-12-31,0.0,-0.344941471395765
Net Zero 2050,combined,INFT,2050-12-31,-1.0264228958852186,-1.90699075938551
Net Zero 2050,combined,MATS,2050-12-31,-1.4734558882275417,-1.672549139062
Net Zero 2050,combined,REIT,2050-12-31,-0.24284096605685157,-0.0377130991336196
Net Zero 2050,combined,UTIL,2050-12-31,0.0,0.0
Net Zero 2050,physical,CDSC,2050-12-31,0.0,0.690003106088165
Net Zero 2050,physical,COMM,2050-12-31,-1.8075834902071053,-5.99430436008933
Net Zero 2050,physical,CSTP,2050-12-31,0.0,-0.760800558245457
Net Zero 2050,physical,ENRG,2050-12-31,0.0,-0.998662627253473
Net Zero 2050,physical,FIN,2050-12-31,0.0,0.0
Net Zero 2050,physical,HLTC,2050-12-31,0.0,-0.510484517443683
Net Zero 2050,physical,IND,2050-12-31,0.0,-0.345094038300355
Net Zero 2050,physical,INFT,2050-12-31,-1.025915978096803,-1.85181819035205
Net Zero 2050,physical,MATS,2050-12-31,-1.4740610355318076,-3.37519647630977
Net Zero 2050,physical,REIT,2050-12-31,0.005007529766984042,-0.06135842870486
Net Zero 2050,physical,UTIL,2050-12-31,0.0,0.0
Net Zero 2050,transition,CDSC,2050-12-31,0.0,0.689698150755532
Net Zero 2050,transition,COMM,2050-12-31,-1.8172100438323726,-6.23677850478753
Net Zero 2050,transition,CSTP,2050-12-31,0.0,-0.760462202671381
Net Zero 2050,transition,ENRG,2050-12-31,0.30486050686126465,0.285374313980024
Net Zero 2050,transition,FIN,2050-12-31,0.0,0.0
Net Zero 2050,transition,HLTC,2050-12-31,0.0,-0.510258521493899
Net Zero 2050,transition,IND,2050-12-31,0.0,-0.344941471395765
Net Zero 2050,transition,INFT,2050-12-31,-1.025915978096803,-1.90629757970473
Net Zero 2050,transition,MATS,2050-12-31,-1.4740357986564874,-1.66996679631922
Net Zero 2050,transition,REIT,2050-12-31,-0.24282465109177664,-0.0366414641882045
Net Zero 2050,transition,UTIL,2050-12-31,0.0,0.0
